ID,CostingPartID,PageNumber,OldBalloonNo,NewBalloonNo
101,9,2,1,5
102,9,2,2,6
103,9,2,3,7
104,9,2,4,8
465,10,2,1,5
466,10,2,2,6
467,10,2,3,7
468,10,2,4,8
1010,12,2,1,70
1011,12,2,2,71
1012,12,2,3,72
1013,12,2,4,73
1014,12,2,5,74
1015,12,2,6,75
1016,12,2,7,76
1017,12,2,8,77
1018,12,2,9,78
1019,12,2,10,79
1020,12,2,11,80
1021,12,2,12,81
1022,12,2,13,82
1023,12,2,14,83
1024,12,2,15,84
1025,12,2,16,85
1026,12,2,17,86
1027,12,2,18,87
1028,12,2,19,88
1029,12,2,20,89
1030,12,2,21,90
1031,12,2,22,91
1032,12,2,23,92
1033,12,2,24,93
1034,12,2,25,94
1035,12,2,26,95
1036,12,2,27,96
1037,12,2,28,97
1038,12,2,29,98
1039,12,2,30,99
1040,12,2,31,100
1041,12,2,32,101
1042,12,2,33,102
1043,12,2,34,103
1044,12,2,35,104
1045,12,2,36,105
1046,12,2,37,106
1047,12,2,38,107
1048,12,2,39,108
1049,12,2,40,109
1050,12,2,41,110
1051,12,2,42,111
1052,12,2,43,112
1053,12,2,44,113
407,12,3,1,114
408,12,3,2,115
409,12,3,3,116
410,12,3,4,117
411,12,3,5,118
412,12,3,6,119
413,12,3,7,120
414,12,3,8,121
415,12,3,9,122
416,12,3,10,123
417,12,3,11,124
418,12,3,12,125
419,12,3,13,126
420,12,3,14,127
421,12,3,15,128
422,12,3,16,129
423,12,3,17,130
424,12,3,18,131
425,12,3,19,132
426,12,3,20,133
427,12,3,21,134
428,12,3,22,135
429,12,3,23,136
430,12,3,24,137
431,12,3,25,138
432,12,3,26,139
433,12,3,27,140
434,12,3,28,141
435,12,3,29,142
436,12,3,30,143
437,12,3,31,144
438,12,3,32,145
439,12,3,33,146
440,12,3,34,147
441,12,3,35,148
442,12,3,36,149
443,12,3,37,150
444,12,3,38,151
445,12,3,39,152
446,12,3,40,153
447,12,3,41,154
448,12,3,42,155
449,12,3,43,156
450,12,3,44,157
451,12,3,45,158
452,12,4,1,159
453,12,4,2,160
454,12,4,3,161
455,12,4,4,162
456,12,4,5,163
457,12,4,6,164
458,12,4,7,165
459,12,4,8,166
460,12,4,9,167
522,18,2,1,27
549,19,2,1,27
954,20,4,1,3
955,20,4,2,4
956,20,4,3,5
957,20,5,1,6
1059,20,6,1,7
1060,20,6,2,8
1061,20,6,3,9
575,25,5,1,9
576,25,6,1,10
2047,41,2,1,37
2540,42,2,1,53
2085,44,2,1,38
2162,48,2,1,38
2200,49,2,1,39
2258,50,2,1,58
2259,50,2,2,59
2260,50,2,3,60
2261,50,2,4,61
2262,50,2,5,62
2263,50,2,6,63
2264,50,2,7,64
2265,50,2,8,65
2717,54,2,1,37
2774,56,2,1,20
2775,56,2,2,21
2776,56,2,3,22
2777,56,2,4,23
2778,56,2,5,24
2779,56,2,6,25
2780,56,2,7,26
2781,56,2,8,27
2782,56,2,9,28
2783,56,2,10,29
2784,56,2,11,30
2785,56,2,12,31
2786,56,2,13,32
2787,56,2,14,33
2788,56,2,15,34
2789,56,2,16,35
2790,56,2,17,36
2791,56,2,18,37
2792,56,2,19,38
2793,56,2,20,39
2794,56,2,21,40
2795,56,2,22,41
2796,56,2,23,42
2797,56,2,24,43
2798,56,2,25,44
2799,56,2,26,45
2800,56,2,27,46
2801,56,2,28,47
2802,56,2,29,48
2803,56,2,30,49
2804,56,2,31,50
2805,56,2,32,51
2806,56,2,33,52
2807,56,2,34,53
2808,56,2,35,54
2809,56,2,36,55
2810,56,2,37,56
2811,56,2,38,57
2812,56,2,39,58
2813,56,2,40,59
2814,56,2,41,60
2815,56,2,42,61
2816,56,2,43,62
2817,56,2,44,63
2818,56,2,45,64
2819,56,2,46,65
2820,56,2,47,66
2821,56,2,48,67
2822,56,2,49,68
2823,56,2,50,69
2824,56,2,51,70
2825,56,2,52,71
2826,56,2,53,72
2827,56,2,54,73
2828,56,2,55,74
2829,56,2,56,75
2830,56,2,57,76
2831,56,2,58,77
2832,56,2,59,78
2833,56,2,60,79
2834,56,2,61,80
2835,56,2,62,81
2836,56,2,63,82
2837,56,2,64,83
2838,56,2,65,84
2839,56,3,1,85
2840,56,3,2,86
2841,56,3,3,87
2842,56,3,4,88
2843,56,3,5,89
2844,56,3,6,90
2845,56,3,7,91
2846,56,3,8,92
2847,56,3,9,93
2848,56,3,10,94
2849,56,3,11,95
2850,56,3,12,96
2851,56,3,13,97
2852,56,3,14,98
2853,56,3,15,99
2854,56,3,16,100
2855,56,3,17,101
2856,56,3,18,102
2857,56,3,19,103
2858,56,3,20,104
2859,56,3,21,105
2860,56,3,22,106
2861,56,3,23,107
2862,56,3,24,108
2863,56,3,25,109
2864,56,3,26,110
2865,56,3,27,111
2866,56,3,28,112
2867,56,3,29,113
2868,56,3,30,114
2869,56,3,31,115
2870,56,3,32,116
2871,56,3,33,117
2872,56,3,34,118
2873,56,3,35,119
2874,56,3,36,120
2875,56,3,37,121
2876,56,3,38,122
2877,56,3,39,123
2878,56,3,40,124
2879,56,3,41,125
2880,56,3,42,126
2881,56,3,43,127
2882,56,3,44,128
2883,56,3,45,129
2884,56,3,46,130
2885,56,3,47,131
2886,56,3,48,132
2887,56,3,49,133
2888,56,3,50,134
2889,56,3,51,135
2890,56,3,52,136
2891,56,3,53,137
2892,56,3,54,138
2893,56,3,55,139
2894,56,3,56,140
2895,56,3,57,141
2896,56,3,58,142
2897,56,3,59,143
2898,56,3,60,144
2899,56,3,61,145
2900,56,3,62,146
2901,56,4,1,147
2902,56,4,2,148
2903,56,4,3,149
2904,56,4,4,150
2905,56,4,5,151
2906,56,4,6,152
2907,56,4,7,153
2908,56,4,8,154
2909,56,4,9,155
2910,56,4,10,156
2911,56,4,11,157
2912,56,4,12,158
2913,56,4,13,159
2914,56,4,14,160
2915,56,4,15,161
2916,56,4,16,162
2917,56,4,17,163
2918,56,4,18,164
2919,56,4,19,165
2920,56,4,20,166
2921,56,4,21,167
2922,56,4,22,168
2923,56,4,23,169
2924,56,4,24,170
2925,56,4,25,171
2926,56,4,26,172
2927,56,4,27,173
2928,56,4,28,174
2929,56,4,29,175
2930,56,4,30,176
2931,56,4,31,177
2932,56,4,32,178
2933,56,4,33,179
2934,56,4,34,180
2935,56,4,35,181
2936,56,4,36,182
2937,56,4,37,183
2938,56,4,38,184
2939,56,4,39,185
2940,56,4,40,186
2941,56,4,41,187
2942,56,4,42,188
2943,56,4,43,189
2944,56,4,44,190
2945,56,4,45,191
2946,56,4,46,192
2947,56,4,47,193
2948,56,4,48,194
2949,56,4,49,195
2950,56,4,50,196
2951,56,4,51,197
2952,56,4,52,198
2953,56,4,53,199
2954,56,4,54,200
2955,56,4,55,201
2956,56,4,56,202
2957,56,4,57,203
2958,56,4,58,204
2959,56,4,59,205
2960,56,4,60,206
2961,56,4,61,207
2962,56,5,1,208
2963,56,5,2,209
2964,56,5,3,210
2965,56,5,4,211
2966,56,5,5,212
2967,56,5,6,213
2968,56,5,7,214
2969,56,5,8,215
2970,56,5,9,216
2971,56,5,10,217
2972,56,5,11,218
2973,56,5,12,219
2974,56,5,13,220
2975,56,5,14,221
2976,56,5,15,222
2977,56,5,16,223
2978,56,5,17,224
2979,56,5,18,225
2980,56,5,19,226
2981,56,5,20,227
2982,56,5,21,228
2983,56,5,22,229
2984,56,5,23,230
2985,56,5,24,231
2986,56,5,25,232
2987,56,5,26,233
2988,56,5,27,234
2989,56,5,28,235
2990,56,5,29,236
2991,56,5,30,237
2992,56,5,31,238
2993,56,5,32,239
2994,56,5,33,240
2995,56,5,34,241
2996,56,5,35,242
2997,56,5,36,243
2998,56,5,37,244
2999,56,5,38,245
3000,56,5,39,246
3001,56,5,40,247
3002,56,5,41,248
3003,56,5,42,249
3004,56,5,43,250
3005,56,5,44,251
3006,56,5,45,252
3007,56,5,46,253
3008,56,5,47,254
3009,56,5,48,255
3010,56,5,49,256
3011,56,5,50,257
3012,56,5,51,258
3013,56,5,52,259
3014,56,5,53,260
3015,56,5,54,261
3016,56,5,55,262
3017,56,5,56,263
3018,56,5,57,264
3019,56,5,58,265
3020,56,5,59,266
3021,56,5,60,267
3022,56,5,61,268
3023,56,5,62,269
3024,56,5,63,270
3025,56,5,64,271
3026,56,5,65,272
3027,56,5,66,273
3028,56,5,67,274
3029,56,5,68,275
3030,56,5,69,276
3031,56,5,70,277
3032,56,5,71,278
3033,56,5,72,279
3034,56,5,73,280
3035,56,5,74,281
3036,56,5,75,282
3037,56,5,76,283
3038,56,5,77,284
3039,56,5,78,285
3040,56,6,1,286
3041,56,6,2,287
3042,56,6,3,288
3043,56,6,4,289
3044,56,6,5,290
3045,56,6,6,291
3046,56,6,7,292
3047,56,6,8,293
3048,56,6,9,294
3049,56,6,10,295
3050,56,6,11,296
3051,56,6,12,297
3052,56,6,13,298
3053,56,6,14,299
3054,56,6,15,300
3055,56,6,16,301
3056,56,6,17,302
3057,56,6,18,303
3058,56,6,19,304
3059,56,6,20,305
3060,56,6,21,306
3061,56,6,22,307
3062,56,6,23,308
3063,56,6,24,309
3064,56,6,25,310
3065,56,6,26,311
3066,56,6,27,312
3067,56,6,28,313
3068,56,6,29,314
3069,56,6,30,315
3070,56,6,31,316
3071,56,6,32,317
3072,56,6,33,318
3073,56,6,34,319
3074,56,6,35,320
3075,56,6,36,321
3076,56,6,37,322
3077,56,6,38,323
3078,56,6,39,324
3079,56,6,40,325
3080,56,6,41,326
3081,56,6,42,327
3082,56,6,43,328
3083,56,6,44,329
3084,56,6,45,330
3085,56,6,46,331
3086,56,6,47,332
3087,56,6,48,333
3088,56,6,49,334
3089,56,6,50,335
3090,56,6,51,336
3091,56,6,52,337
3092,56,6,53,338
3093,56,6,54,339
3094,56,6,55,340
3095,56,6,56,341
3096,56,6,57,342
3097,56,6,58,343
3098,56,6,59,344
3099,56,6,60,345
3100,56,6,61,346
3101,56,6,62,347
3102,56,6,63,348
3103,56,6,64,349
3104,56,6,65,350
3105,56,6,66,351
3106,56,6,67,352
3107,56,6,68,353
3108,56,6,69,354
3109,56,6,70,355
3110,56,6,71,356
3111,56,6,72,357
3112,56,6,73,358
3113,56,6,74,359
3114,56,6,75,360
3115,56,6,76,361
3116,56,6,77,362
3117,56,6,78,363
3118,56,6,79,364
3119,56,6,80,365
3120,56,6,81,366
3121,56,6,82,367
3122,56,6,83,368
3123,56,6,84,369
3124,56,6,85,370
3125,56,6,86,371
3126,56,6,87,372
3127,56,6,88,373
3128,56,6,89,374
3129,56,6,90,375
3130,56,6,91,376
3131,56,6,92,377
3132,56,6,93,378
3133,56,6,94,379
3134,56,6,95,380
3135,56,6,96,381
3136,56,6,97,382
3137,56,6,98,383
3138,56,6,99,384
3139,56,6,100,385
3140,56,6,101,386
3141,56,6,102,387
3142,56,6,103,388
3143,56,6,104,389
3144,56,6,105,390
3145,56,6,106,391
3146,56,6,107,392
3147,56,7,1,393
3148,56,7,2,394
3149,56,7,3,395
3150,56,7,4,396
3151,56,7,5,397
3152,56,7,6,398
3153,56,7,7,399
3154,56,7,8,400
3155,56,7,9,401
3156,56,7,10,402
3157,56,7,11,403
3158,56,7,12,404
3159,56,7,13,405
3160,56,7,14,406
3161,56,7,15,407
3162,56,7,16,408
3163,56,7,17,409
3164,56,7,18,410
3165,56,7,19,411
3166,56,7,20,412
3167,56,7,21,413
3168,56,7,22,414
3169,56,7,23,415
3170,56,7,24,416
3171,56,7,25,417
3172,56,7,26,418
3173,56,7,27,419
3174,56,7,28,420
3175,56,7,29,421
3176,56,7,30,422
3177,56,7,31,423
3178,56,7,32,424
3179,56,7,33,425
3180,56,7,34,426
3181,56,7,35,427
3182,56,7,36,428
3183,56,7,37,429
3184,56,7,38,430
3185,56,7,39,431
3186,56,7,40,432
3187,56,7,41,433
3188,56,7,42,434
3189,56,7,43,435
3190,56,7,44,436
3191,56,7,45,437
3192,56,7,46,438
3193,56,7,47,439
3194,56,7,48,440
3195,56,7,49,441
3196,56,7,50,442
3197,56,7,51,443
3198,56,7,52,444
3199,56,7,53,445
3200,56,7,54,446
3201,56,7,55,447
3202,56,7,56,448
3203,56,7,57,449
3204,56,7,58,450
3205,56,7,59,451
3206,56,7,60,452
3207,56,7,61,453
3208,56,7,62,454
3209,56,7,63,455
3210,56,7,64,456
3211,56,7,65,457
3212,56,7,66,458
3213,56,7,67,459
3214,56,7,68,460
3215,56,7,69,461
3216,56,7,70,462
3217,56,7,71,463
3218,56,7,72,464
3219,56,7,73,465
3220,56,7,74,466
3221,56,7,75,467
3222,56,7,76,468
3223,56,7,77,469
3224,56,7,78,470
3225,56,7,79,471
3226,56,8,1,472
3227,56,8,2,473
3228,56,8,3,474
3229,56,8,4,475
3230,56,8,5,476
3231,56,8,6,477
3232,56,8,7,478
3233,56,8,8,479
3234,56,8,9,480
3235,56,8,10,481
3236,56,8,11,482
3237,56,8,12,483
3238,56,8,13,484
3239,56,8,14,485
3240,56,8,15,486
3241,56,8,16,487
3242,56,8,17,488
3243,56,8,18,489
3244,56,8,19,490
3245,56,8,20,491
3246,56,8,21,492
3247,56,8,22,493
3248,56,8,23,494
3249,56,8,24,495
3250,56,8,25,496
3251,56,8,26,497
3252,56,8,27,498
3253,56,8,28,499
3254,56,8,29,500
3255,56,8,30,501
3256,56,8,31,502
3257,56,8,32,503
3258,56,8,33,504
3259,56,8,34,505
3260,56,8,35,506
3261,56,8,36,507
3262,56,8,37,508
3263,56,8,38,509
3264,56,8,39,510
3265,56,8,40,511
3266,56,8,41,512
3267,56,8,42,513
3268,56,8,43,514
3269,56,8,44,515
3270,56,8,45,516
3271,56,8,46,517
3272,56,8,47,518
3273,56,8,48,519
3274,56,8,49,520
3275,56,8,50,521
3276,56,8,51,522
3277,56,8,52,523
3278,56,8,53,524
3279,56,8,54,525
3280,56,8,55,526
3281,56,8,56,527
3282,56,8,57,528
3283,56,8,58,529
3284,56,8,59,530
3285,56,8,60,531
3286,56,8,61,532
3287,56,8,62,533
3288,56,8,63,534
3289,56,8,64,535
3290,56,8,65,536
3291,56,8,66,537
3292,56,8,67,538
3293,56,8,68,539
3294,56,8,69,540
3295,56,8,70,541
3296,56,8,71,542
3297,56,8,72,543
3298,56,8,73,544
3299,56,8,74,545
3300,56,8,75,546
3301,56,8,76,547
3302,56,8,77,548
3303,56,8,78,549
3304,56,8,79,550
3305,56,8,80,551
3306,56,8,81,552
3307,56,9,1,553
3308,56,9,2,554
3309,56,9,3,555
3310,56,9,4,556
3311,56,9,5,557
3312,56,9,6,558
3313,56,9,7,559
3314,56,9,8,560
3315,56,9,9,561
3316,56,9,10,562
3317,56,9,11,563
3318,56,9,12,564
3319,56,9,13,565
3320,56,9,14,566
3321,56,9,15,567
3322,56,9,16,568
3323,56,9,17,569
3324,56,10,1,570
3325,56,10,2,571
3326,56,10,3,572
3327,56,10,4,573
3328,56,10,5,574
3329,56,10,6,575
3330,56,10,7,576
3331,56,10,8,577
3332,56,10,9,578
3333,56,10,10,579
3334,56,10,11,580
3335,56,10,12,581
3336,56,10,13,582
3337,56,10,14,583
3338,56,10,15,584
3339,56,10,16,585
3340,56,10,17,586
3341,56,10,18,587
3342,56,10,19,588
3343,56,10,20,589
3344,56,10,21,590
3345,56,10,22,591
3346,56,10,23,592
3347,56,10,24,593
3348,56,10,25,594
3349,56,10,26,595
3350,56,10,27,596
3351,56,10,28,597
3352,56,10,29,598
3353,56,10,30,599
3354,56,10,31,600
3355,56,10,32,601
3356,56,10,33,602
3357,56,10,34,603
3358,56,10,35,604
3359,56,10,36,605
3360,56,10,37,606
3361,56,10,38,607
3362,56,10,39,608
3363,56,10,40,609
3364,56,11,1,610
3365,56,11,2,611
3366,56,11,3,612
3367,56,11,4,613
3368,56,11,5,614
3369,56,11,6,615
3370,56,11,7,616
3371,56,11,8,617
3372,56,11,9,618
3373,56,11,10,619
3374,56,11,11,620
3375,56,11,12,621
3376,56,11,13,622
3377,56,11,14,623
3378,56,11,15,624
3379,56,11,16,625
3380,56,11,17,626
3381,56,11,18,627
3382,56,11,19,628
3383,56,11,20,629
3384,56,11,21,630
3385,56,11,22,631
3386,56,11,23,632
3387,56,11,24,633
3388,56,11,25,634
3389,56,11,26,635
3390,56,11,27,636
3391,56,11,28,637
3392,56,11,29,638
3393,56,11,30,639
3394,56,11,31,640
3395,56,11,32,641
3396,56,11,33,642
3397,56,11,34,643
3398,56,11,35,644
3399,56,11,36,645
3400,56,11,37,646
3401,56,11,38,647
3402,56,11,39,648
3403,56,11,40,649
3404,56,11,41,650
3405,56,11,42,651
3406,56,11,43,652
3407,56,11,44,653
3408,56,11,45,654
3409,56,11,46,655
3410,56,11,47,656
3411,56,11,48,657
3412,56,11,49,658
3413,56,11,50,659
3414,56,11,51,660
3415,56,11,52,661
3416,56,11,53,662
3417,56,11,54,663
3418,56,11,55,664
3419,56,11,56,665
3420,56,11,57,666
3421,56,11,58,667
3422,56,12,1,668
3423,56,12,2,669
3424,56,12,3,670
3425,56,12,4,671
3426,56,12,5,672
3427,56,12,6,673
3428,56,12,7,674
3429,56,12,8,675
3430,56,12,9,676
3431,56,12,10,677
3432,56,12,11,678
3433,56,12,12,679
3434,56,12,13,680
3435,56,12,14,681
3436,56,12,15,682
3437,56,12,16,683
3438,56,12,17,684
3439,56,12,18,685
3440,56,12,19,686
3441,56,12,20,687
3442,56,12,21,688
3443,56,12,22,689
3444,56,12,23,690
3445,56,12,24,691
3446,56,12,25,692
3447,56,12,26,693
3448,56,12,27,694
3449,56,12,28,695
3450,56,12,29,696
3451,56,12,30,697
3452,56,12,31,698
3453,56,12,32,699
3454,56,12,33,700
3455,56,12,34,701
3456,56,12,35,702
3457,56,12,36,703
3458,56,12,37,704
3459,56,12,38,705
3460,56,12,39,706
3461,56,12,40,707
3462,56,12,41,708
3463,56,12,42,709
3464,56,12,43,710
3465,56,12,44,711
3466,56,12,45,712
3467,56,12,46,713
3468,56,12,47,714
3469,56,12,48,715
3470,56,12,49,716
3471,56,12,50,717
3472,56,12,51,718
3473,56,12,52,719
3474,56,12,53,720
3475,56,12,54,721
3476,56,12,55,722
3477,56,12,56,723
3478,56,12,57,724
3479,56,12,58,725
3480,56,12,59,726
3481,56,12,60,727
3482,56,13,1,728
3483,56,13,2,729
3484,56,13,3,730
3485,56,14,1,731
3486,56,14,2,732
3487,56,14,3,733
3488,56,15,1,734
3489,56,15,2,735
3490,56,15,3,736
3491,56,16,1,737
3492,56,16,2,738
3493,56,16,3,739
3494,56,16,4,740
